Count,Priority,Market Type,State,Market,Label,% Homes Passed (pct availability),Market Share %,"Multi-Cultural (Hispanic, Asian, African American)",Gateway Index,Rethink,Intercept,Nudge,Win,Grow,Rethink-TV,Rethink-CTV,Rethink-Radio,Rethink-Sponsorships,Rethink-OOH/DOOH,Rethink-INFLUENCERS / SOCIAL AMPLIFICATION,Intercept-CTV,Intercept-Audio,Intercept-Search Non Brand,Intercept-Social,Intercept-DIGITAL AUDIO,Intercept-OOH / DOOH,Nudge-Search Brand,Nudge-Digital Video,Nudge-Social,Nudge-Digital Display,Win-Digital Video,Win-Digital Display,Win-Social,Win-Search Non Brand,Total
1,22,Top Tier,Alabama,Birmingham,DEFEND,81%,32%,33%,70.7,27%,18%,39%,16%,0%,"$219,853.18","$75,668.79","$23,858.53","$92,657.04",,,"$75,668.41","$30,966.28","$120,673.53","$45,165.78",,,"$357,234.44","$90,261.49","$63,232.10","$84,079.54","$28,026.51","$30,087.16","$72,265.22","$120,673.53","$1,530,371.55"
2,8,Top Tier,North Carolina,Charlotte,DEFEND,85%,46%,36%,100,27%,18%,39%,16%,0%,"$288,321.91","$99,234.27","$31,288.78","$121,513.16",,,"$99,233.77","$40,610.08","$158,254.81","$59,231.73",,,"$468,487.72","$118,371.57","$82,924.43","$110,264.38","$36,754.79","$39,457.19","$94,770.73","$158,254.81","$2,006,974.14"
3,24,Top Tier,Ohio,Dayton,DEFEND,96%,63%,18%,90.08,27%,18%,39%,16%,0%,"$170,536.66","$58,695.09","$18,506.69","$71,872.61",,,"$58,694.79","$24,020.05","$93,604.56","$35,034.39",,,"$277,101.14","$70,014.42","$49,048.14","$65,219.18","$21,739.73","$23,338.14","$56,055.00","$93,604.56","$1,187,085.17"
4,30,Top Tier,Texas,El Paso,DEFEND,97%,50%,85%,158.1,27%,18%,39%,16%,0%,"$199,732.24","$68,743.59","$21,675.00","$84,177.07",,,"$68,743.24","$28,132.24","$109,629.50","$41,032.22",,,"$324,540.38","$82,000.77","$57,445.10","$76,384.59","$25,461.53","$27,333.59","$65,651.51","$109,629.50","$1,390,312.09"
5,12,Top Tier,Wisconsin,Milwaukee,DEFEND,99%,61%,29%,93.23,27%,18%,39%,16%,0%,"$269,579.08","$92,783.38","$29,254.80","$113,614.00",,,"$92,782.91","$37,970.16","$147,967.20","$55,381.28",,,"$438,032.91","$110,676.63","$77,533.79","$103,096.47","$34,365.49","$36,892.21","$88,610.01","$147,967.20","$1,876,507.51"
6,7,Top Tier,North Carolina,Raleigh - Durham,DEFEND,97%,55%,43%,95.87,27%,18%,39%,16%,0%,"$325,453.70","$112,014.24","$35,318.33","$137,162.33",,,"$112,013.67","$45,840.09","$178,635.79","$66,859.94",,,"$528,822.31","$133,616.15","$93,603.92","$124,464.87","$41,488.29","$44,538.72","$106,975.86","$178,635.79","$2,265,444.02"
7,38,Mid Tier,California,Bakersfield,DEFEND,87%,57%,71%,78.63,27%,18%,39%,16%,0%,"$122,398.03","$42,126.80","$13,282.67","$51,584.60",,,"$42,126.58","$17,239.74","$67,182.12","$25,144.98",,,"$198,881.77","$50,250.94","$35,202.97","$46,809.29","$15,603.10","$16,750.31","$40,231.94","$67,182.12","$851,997.94"
8,72,Mid Tier,Kentucky,Bowling Green,DEFEND,100%,37%,17%,33.94,27%,18%,39%,16%,0%,"$97,924.37","$33,703.49","$10,626.78","$41,270.19",,,"$33,703.31","$13,792.63","$53,748.96","$20,117.20",,,"$159,115.08","$40,203.19","$28,164.08","$37,449.70","$12,483.23","$13,401.06","$32,187.51","$53,748.96","$681,639.76"
9,69,Mid Tier,Montana,Butte - Bozeman,DEFEND,92%,51%,6%,179.12,27%,18%,39%,16%,0%,"$77,470.25","$26,663.61","$8,407.09","$32,649.81",,,"$26,663.48","$10,911.67","$42,522.05","$15,915.19",,,"$125,879.65","$31,805.68","$22,281.26","$29,627.33","$9,875.78","$10,601.89","$25,464.29","$42,522.05","$539,261.09"
10,74,Mid Tier,Wyoming,Casper - Riverton,DEFEND,96%,55%,11%,519.33,27%,18%,39%,16%,0%,"$77,678.80","$26,735.39","$8,429.73","$32,737.70",,,"$26,735.25","$10,941.04","$42,636.52","$15,958.03",,,"$126,218.51","$31,891.30","$22,341.24","$29,707.09","$9,902.36","$10,630.43","$25,532.84","$42,636.52","$540,712.75"
11,46,Mid Tier,Texas,Corpus Christi,DEFEND,98%,48%,68%,170.21,27%,18%,39%,16%,0%,"$145,581.82","$50,106.17","$15,798.58","$61,355.40",,,"$50,105.91","$20,505.17","$79,907.29","$29,907.76",,,"$236,552.59","$59,769.12","$41,870.87","$55,675.58","$18,558.53","$19,923.04","$47,852.40","$79,907.29","$1,013,377.55"
12,41,Mid Tier,Indiana,Evansville,DEFEND,97%,44%,10%,35.71,27%,18%,39%,16%,0%,"$139,148.25","$47,891.87","$15,100.41","$58,643.98",,,"$47,891.63","$19,599.00","$76,376.02","$28,586.08",,,"$226,098.83","$57,127.80","$40,020.51","$53,215.16","$17,738.39","$19,042.60","$45,737.70","$76,376.02","$968,594.25"
13,63,Mid Tier,Tennessee,Jackson-Tn,DEFEND,95%,51%,25%,19.38,27%,18%,39%,16%,0%,"$84,158.43","$28,965.54","$9,132.90","$35,468.54",,,"$28,965.40","$11,853.70","$46,193.08","$17,289.18",,,"$136,747.13","$34,551.54","$24,204.85","$32,185.13","$10,728.38","$11,517.18","$27,662.68","$46,193.08","$585,816.74"
14,61,Mid Tier,Texas,Laredo,DEFEND,98%,84%,96%,23.39,27%,18%,39%,16%,0%,"$73,878.35","$25,427.36","$8,017.30","$31,136.00",,,"$25,427.23","$10,405.75","$40,550.52","$15,177.28",,,"$120,043.25","$30,331.01","$21,248.19","$28,253.67","$9,417.89","$10,110.34","$24,283.64","$40,550.52","$514,258.32"
15,62,Mid Tier,Montana,Missoula,DEFEND,94%,57%,6%,190.22,27%,18%,39%,16%,0%,"$83,634.94","$28,785.37","$9,076.09","$35,247.91",,,"$28,785.22","$11,779.96","$45,905.74","$17,181.64",,,"$135,896.51","$34,336.62","$24,054.29","$31,984.93","$10,661.64","$11,445.54","$27,490.61","$45,905.74","$582,172.75"
16,45,Mid Tier,California,Palm Springs,DEFEND,100%,71%,63%,35.05,27%,18%,39%,16%,0%,"$108,692.62","$37,409.69","$11,795.36","$45,808.46",,,"$37,409.50","$15,309.33","$59,659.46","$22,329.39",,,"$176,612.16","$44,624.13","$31,261.14","$41,567.86","$13,855.95","$14,874.71","$35,727.01","$59,659.46","$756,596.22"
17,35,Mid Tier,Nevada,Reno,DEFEND,97%,58%,32%,67.93,27%,18%,39%,16%,0%,"$131,344.54","$45,206.00","$14,253.55","$55,355.11",,,"$45,205.77","$18,499.85","$72,092.70","$26,982.91",,,"$213,418.76","$53,923.96","$37,776.08","$50,230.75","$16,743.58","$17,974.65","$43,172.64","$72,092.70","$914,273.55"
18,65,Mid Tier,Minnesota,Rochester - Mason City - Austin,DEFEND,98%,41%,15%,46.23,27%,18%,39%,16%,0%,"$100,619.83","$34,631.20","$10,919.29","$42,406.19",,,"$34,631.03","$14,172.28","$55,228.45","$20,670.95",,,"$163,494.87","$41,309.82","$28,939.32","$38,480.54","$12,826.85","$13,769.94","$33,073.50","$55,228.45","$700,402.51"
19,36,Mid Tier,Texas,Waco - Temple - Bryan,DEFEND,91%,40%,46%,57.7,27%,18%,39%,16%,0%,"$157,193.08","$54,102.51","$17,058.64","$66,248.96",,,"$54,102.24","$22,140.61","$86,280.51","$32,293.14",,,"$255,419.46","$64,536.17","$45,210.39","$60,116.13","$20,038.71","$21,512.06","$51,668.99","$86,280.51","$1,094,202.11"
20,14,Top Tier,Texas,"Austin, Texas",PROTECT,86%,38.868,47%,168.65,49%,15%,26%,11%,0%,"$881,322.25","$118,472.41","$80,644.13","$197,562.22",,,"$118,472.41","$96,597.23","$118,482.11","$52,545.98",,,"$370,668.78","$105,490.76","$73,564.37","$119,167.46","$35,163.59","$39,722.49","$84,073.63","$118,482.11","$2,610,431.93"
21,13,Top Tier,Ohio,Cincinnati,PROTECT,92%,42.386,20%,62.59,49%,15%,26%,11%,0%,"$809,373.21","$108,800.60","$74,060.54","$181,433.71",,,"$108,800.60","$88,711.27","$108,809.51","$48,256.25",,,"$340,408.27","$96,878.75","$67,558.75","$109,438.92","$32,292.92","$36,479.64","$77,210.06","$108,809.51","$2,397,322.50"
22,5,Top Tier,Florida,Orlando - Daytona Beach - Melbourne,PROTECT,88%,52.474,44%,90.08,49%,15%,26%,11%,0%,"$1,274,314.38","$171,300.67","$116,604.31","$285,657.57",,,"$171,300.67","$139,671.10","$171,314.70","$75,976.86",,,"$535,954.43","$152,530.35","$106,367.61","$172,305.66","$50,843.45","$57,435.22","$121,563.07","$171,314.70","$3,774,454.74"
23,10,Top Tier,Texas,San Antonio,PROTECT,89%,41.09,66%,115.04,49%,15%,26%,11%,0%,"$1,036,721.01","$139,362.00","$94,863.67","$232,397.29",,,"$139,362.00","$113,629.70","$139,373.41","$61,811.13",,,"$436,026.79","$124,091.37","$86,535.58","$140,179.61","$41,363.79","$46,726.54","$98,897.88","$139,373.41","$3,070,715.20"
24,4,Top Tier,Florida,Tampa - Saint Petersburg,PROTECT,97%,53.135,36%,136.87,49%,15%,26%,11%,0%,"$1,400,116.96","$188,211.78","$128,115.70","$313,858.20",,,"$188,211.78","$153,459.68","$188,227.19","$83,477.43",,,"$588,864.80","$167,588.42","$116,868.40","$189,315.98","$55,862.81","$63,105.33","$133,564.00","$188,227.19","$4,147,075.64"
25,6,Top Tier,Ohio,Cleveland,UPGRADE,85%,49.254,21%,91.47,39%,13%,40%,9%,0%,"$929,638.07","$166,365.58","$67,291.45","$22,754.35","$21,227.20",,"$166,365.58",,"$114,171.92","$50,674.79","$40,207.33","$14,151.47","$935,528.86","$72,152.11","$70,944.71","$135,795.97","$24,050.70","$45,265.32","$81,079.67","$114,171.92","$3,071,836.99"
26,11,Top Tier,Ohio,Columbus-Oh,UPGRADE,99%,52.885,23%,93.33,39%,13%,40%,9%,0%,"$725,165.10","$129,773.64","$52,490.76","$17,749.55","$16,558.30",,"$129,773.64",,"$89,059.92","$39,528.92","$31,363.77","$11,038.86","$729,760.23","$56,282.32","$55,340.49","$105,927.78","$18,760.77","$35,309.26","$63,246.28","$89,059.92","$2,396,189.52"
27,16,Top Tier,South Carolina,Greenville - Spartanburg - Asheville - Anderson,UPGRADE,97%,51.05,24%,72.37,39%,13%,40%,9%,0%,"$606,646.00","$108,563.77","$43,911.81","$14,848.61","$13,852.05",,"$108,563.77",,"$74,504.20","$33,068.42","$26,237.75","$9,234.70","$610,490.10","$47,083.69","$46,295.78","$88,615.22","$15,694.56","$29,538.41","$52,909.47","$74,504.20","$2,004,562.51"
28,18,Top Tier,Missouri,Kansas City,UPGRADE,100%,20.453,25%,89.32,39%,13%,40%,9%,0%,"$770,089.10","$137,813.12","$55,742.57","$18,849.14","$17,584.08",,"$137,813.12",,"$94,577.19","$41,977.74","$33,306.75","$11,722.72","$774,968.89","$59,769.01","$58,768.84","$112,490.01","$19,923.00","$37,496.67","$67,164.38","$94,577.19","$2,544,633.52"
29,27,Top Tier,Kentucky,Lexington,UPGRADE,98%,49.331,13%,64,39%,13%,40%,9%,0%,"$407,024.42","$72,840.02","$29,462.29","$9,962.56","$9,293.93",,"$72,840.02",,"$49,988.01","$22,187.00","$17,604.02","$6,195.95","$409,603.59","$31,590.43","$31,061.80","$59,455.69","$10,530.14","$19,818.56","$35,499.20","$49,988.01","$1,344,945.64"
30,25,Top Tier,New York,Rochester - NY,UPGRADE,96%,28.38,24%,46.23,39%,13%,40%,9%,0%,"$412,262.11","$73,777.34","$29,841.42","$10,090.76","$9,413.52",,"$73,777.34",,"$50,631.27","$22,472.51","$17,830.55","$6,275.68","$414,874.47","$31,996.95","$31,461.51","$60,220.78","$10,665.65","$20,073.59","$35,956.01","$50,631.27","$1,362,252.73"
31,9,Top Tier,Missouri,Saint Louis,UPGRADE,88%,18.92,23%,69.46,39%,13%,40%,9%,0%,"$829,886.98","$148,514.39","$60,071.01","$20,312.78","$18,949.50",,"$148,514.39",,"$101,921.16","$45,237.34","$35,893.04","$12,633.00","$835,145.69","$64,410.11","$63,332.27","$121,224.92","$21,470.04","$40,408.31","$72,379.74","$101,921.16","$2,742,225.82"
32,57,Mid Tier,Georgia,Columbus-Ga,UPGRADE,46%,10.56,46%,120.73,39%,13%,40%,9%,0%,"$217,877.06","$38,990.71","$15,770.94","$5,332.88","$4,974.97",,"$38,990.71",,"$26,758.20","$11,876.53","$9,423.30","$3,316.65","$219,257.68","$16,910.12","$16,627.14","$31,826.18","$5,636.71","$10,608.73","$19,002.45","$26,758.20","$719,939.13"
33,71,Mid Tier,Alabama,Dothan,UPGRADE,73%,34.425,29%,75.9,39%,13%,40%,9%,0%,"$214,923.96","$38,462.23","$15,557.18","$5,260.60","$4,907.54",,"$38,462.23",,"$26,395.52","$11,715.56","$9,295.57","$3,271.69","$216,285.86","$16,680.92","$16,401.78","$31,394.81","$5,560.31","$10,464.94","$18,744.89","$26,395.52","$710,181.08"
34,60,Mid Tier,Pennsylvania,Erie,UPGRADE,98%,57.993,12%,34.16,39%,13%,40%,9%,0%,"$210,325.59","$37,639.31","$15,224.33","$5,148.05","$4,802.54",,"$37,639.31",,"$25,830.78","$11,464.90","$9,096.69","$3,201.69","$211,658.36","$16,324.02","$16,050.86","$30,723.10","$5,441.34","$10,241.03","$18,343.84","$25,830.78","$694,986.54"
35,34,Mid Tier,Michigan,Flint - Saginaw - Bay City,UPGRADE,97%,45.595,17%,89.4,39%,13%,40%,9%,0%,"$396,318.28","$70,924.08","$28,687.33","$9,700.51","$9,049.46",,"$70,924.08",,"$48,673.16","$21,603.40","$17,140.97","$6,032.98","$398,829.61","$30,759.50","$30,244.76","$57,891.80","$10,253.17","$19,297.27","$34,565.45","$48,673.16","$1,309,568.95"
36,75,Mid Tier,Montana,Great Falls,UPGRADE,86%,47.57,6%,170.33,39%,13%,40%,9%,0%,"$169,806.09","$30,388.05","$12,291.34","$4,156.27","$3,877.32",,"$30,388.05",,"$20,854.45","$9,256.17","$7,344.20","$2,584.88","$170,882.09","$13,179.18","$12,958.64","$24,804.26","$4,393.06","$8,268.09","$14,809.87","$20,854.45","$561,096.45"
37,40,Mid Tier,North Carolina,Greenville - New Bern - Washington,UPGRADE,89%,46.798,36%,31.89,39%,13%,40%,9%,0%,"$266,689.11","$47,725.98","$19,304.18","$6,527.63","$6,089.53",,"$47,725.98",,"$32,752.97","$14,537.29","$11,534.44","$4,059.69","$268,379.03","$20,698.57","$20,352.20","$38,956.35","$6,899.52","$12,985.45","$23,259.66","$32,752.97","$881,230.56"
38,52,Mid Tier,Wisconsin,La Crosse - Eau Claire,UPGRADE,90%,42.828,7%,81.56,39%,13%,40%,9%,0%,"$255,706.30","$45,760.53","$18,509.19","$6,258.81","$5,838.75",,"$45,760.53",,"$31,404.14","$13,938.61","$11,059.43","$3,892.50","$257,326.62","$19,846.16","$19,514.06","$37,352.05","$6,615.39","$12,450.68","$22,301.78","$31,404.14","$844,939.65"
39,43,Mid Tier,Nebraska,Lincoln - Hastings - Kearney,UPGRADE,93%,31.843,16%,58.66,39%,13%,40%,9%,0%,"$319,628.31","$57,199.84","$23,136.16","$7,823.40","$7,298.34",,"$57,199.84",,"$39,254.61","$17,423.02","$13,824.09","$4,865.56","$321,653.69","$24,807.35","$24,392.22","$46,689.39","$8,269.12","$15,563.13","$27,876.82","$39,254.61","$1,056,159.49"
40,33,Mid Tier,Wisconsin,Madison,UPGRADE,87%,50.112,15%,91.28,39%,13%,40%,9%,0%,"$333,801.37","$59,736.21","$24,162.07","$8,170.31","$7,621.96",,"$59,736.21",,"$40,995.25","$18,195.59","$14,437.08","$5,081.31","$335,916.56","$25,907.36","$25,473.83","$48,759.71","$8,635.79","$16,253.24","$29,112.95","$40,995.25","$1,102,992.05"
41,78,Mid Tier,Minnesota,Mankato,UPGRADE,90%,23.276,14%,112,39%,13%,40%,9%,0%,"$252,930.21","$45,263.72","$18,308.24","$6,190.86","$5,775.37",,"$45,263.72",,"$31,063.20","$13,787.29","$10,939.36","$3,850.24","$254,532.94","$19,630.70","$19,302.20","$36,946.53","$6,543.57","$12,315.51","$22,059.66","$31,063.20","$835,766.53"
42,47,Mid Tier,Alabama,Montgomery - Selma,UPGRADE,95%,44.739,50%,42.36,39%,13%,40%,9%,0%,"$283,439.09","$50,723.51","$20,516.62","$6,937.62","$6,472.00",,"$50,723.51",,"$34,810.09","$15,450.33","$12,258.89","$4,314.67","$285,235.15","$21,998.59","$21,630.47","$41,403.09","$7,332.86","$13,801.03","$24,720.53","$34,810.09","$936,578.14"
43,51,Mid Tier,Tennessee,Tri-Cities-Tn-Va,UPGRADE,98%,32.747,7%,97.88,39%,13%,40%,9%,0%,"$349,518.47","$62,548.91","$25,299.74","$8,555.01","$7,980.85",,"$62,548.91",,"$42,925.52","$19,052.33","$15,116.86","$5,320.56","$351,733.25","$27,127.22","$26,673.27","$51,055.57","$9,042.41","$17,018.52","$30,483.74","$42,925.52","$1,154,926.64"
44,53,Mid Tier,Wisconsin,Wausau - Rhinelander,UPGRADE,92%,46.388,7%,220.53,39%,13%,40%,9%,0%,"$219,405.03","$39,264.15","$15,881.54","$5,370.28","$5,009.86",,"$39,264.15",,"$26,945.86","$11,959.82","$9,489.38","$3,339.90","$220,795.33","$17,028.71","$16,743.75","$32,049.37","$5,676.24","$10,683.12","$19,135.71","$26,945.86","$724,988.05"
45,3,Top Tier,Texas,Dallas - Fort Worth,MUST WIN,85%,28.577,54%,107.75,45%,19%,29%,6%,0%,"$2,391,125.22","$906,751.79","$97,733.77","$975,404.47","$249,299.24","$245,565.49","$906,751.79","$399,985.58","$250,971.04","$306,956.86",,"$166,199.49","$2,195,724.16","$246,968.84","$429,739.61","$286,059.26","$82,322.95","$95,353.09","$245,565.49","$250,971.04","$10,729,449.17"
46,1,Top Tier,California,Los Angeles,MUST WIN,96%,54.544,70%,154.75,45%,19%,29%,6%,0%,"$3,320,865.53","$1,259,323.74","$135,735.56","$1,354,670.62","$346,234.17","$341,048.62","$1,259,323.74","$555,511.82","$348,556.02","$426,310.78",,"$230,822.78","$3,049,486.75","$342,997.64","$596,835.09","$397,287.58","$114,332.55","$132,429.19","$341,048.62","$348,556.02","$14,901,376.81"
47,2,Top Tier,New York,New York,MUST WIN,96%,14.054,54%,109.94,45%,19%,29%,6%,0%,"$4,093,685.94","$1,552,389.24","$167,323.47","$1,669,924.91","$426,808.60","$420,416.29","$1,552,389.24","$684,788.62","$429,670.78","$525,520.36",,"$284,539.06","$3,759,152.83","$422,818.87","$735,728.50","$489,742.97","$140,939.62","$163,247.66","$420,416.29","$429,670.78","$18,369,174.01"
48,19,Top Tier,New York,Albany - Schenectady - Troy,UPSELL,95.43%,66.17%,17.00%,62.45,38%,17%,35%,10%,0%,"$421,300.81","$96,033.77","$65,824.92",,"$18,219.36",,"$96,033.77","$64,077.34","$57,552.60","$34,403.38",,"$12,146.24","$379,894.30","$88,053.96","$48,164.74","$43,513.28","$29,351.32","$14,504.43","$55,045.41","$57,552.60","$1,581,672.22"
49,17,Top Tier,New York,Buffalo,UPSELL,98.00%,63.72%,20.00%,92.37,38%,17%,35%,10%,0%,"$343,190.94","$78,228.95","$53,620.87",,"$14,841.46",,"$78,228.95","$52,197.29","$46,882.25","$28,024.94",,"$9,894.31","$309,461.27","$71,728.61","$39,234.91","$35,445.84","$23,909.54","$11,815.28","$44,839.90","$46,882.25","$1,288,427.57"
50,28,Top Tier,South Carolina,Columbia-Sc,UPSELL,80.33%,52.89%,46.00%,79.86,38%,17%,35%,10%,0%,"$206,016.97","$46,960.71","$32,188.52",,"$8,909.31",,"$46,960.71","$31,333.95","$28,143.34","$16,823.33",,"$5,939.54","$185,769.10","$43,058.57","$23,552.66","$21,278.08","$14,352.86","$7,092.69","$26,917.32","$28,143.34","$773,440.99"
51,29,Top Tier,South Carolina,Florence - Myrtle Beach,UPSELL,97.03%,71.91%,32.00%,110.58,38%,17%,35%,10%,0%,"$181,707.38","$41,419.44","$28,390.34",,"$7,858.03",,"$41,419.44","$27,636.61","$24,822.48","$14,838.21",,"$5,238.68","$163,848.72","$37,977.75","$20,773.49","$18,767.31","$12,659.25","$6,255.77","$23,741.13","$24,822.48","$682,176.52"
52,15,Top Tier,North Carolina,Greensboro - High Point - Winston-Salem,UPSELL,96.10%,62.68%,36.00%,77.8,38%,17%,35%,10%,0%,"$337,767.12","$76,992.61","$52,773.44",,"$14,606.91",,"$76,992.61","$51,372.36","$46,141.32","$27,582.03",,"$9,737.94","$304,570.52","$70,595.01","$38,614.84","$34,885.66","$23,531.67","$11,628.55","$44,131.25","$46,141.32","$1,268,065.14"
53,23,Top Tier,Texas,Harlingen - Weslaco - Brownsville - Mcallen,UPSELL,98.80%,85.54%,95.00%,205.72,38%,17%,35%,10%,0%,"$325,504.39","$74,197.37","$50,857.49",,"$14,076.60",,"$74,197.37","$49,507.27","$44,466.14","$26,580.66",,"$9,384.40","$293,513.00","$68,032.03","$37,212.92","$33,619.12","$22,677.34","$11,206.37","$42,529.05","$44,466.14","$1,222,027.67"
54,21,Top Tier,Hawaii,Honolulu,UPSELL,92.52%,71.40%,49.00%,74.49,38%,17%,35%,10%,0%,"$232,658.24","$53,033.48","$36,351.01",,"$10,061.42",,"$53,033.48","$35,385.93","$31,782.72","$18,998.85",,"$6,707.61","$209,792.00","$48,626.73","$26,598.39","$24,029.68","$16,208.91","$8,009.89","$30,398.16","$31,782.72","$873,459.21"
55,20,Top Tier,Kentucky,Louisville,UPSELL,89.97%,43.63%,21.00%,62.71,38%,17%,35%,10%,0%,"$355,255.37","$80,978.98","$55,505.84",,"$15,363.20",,"$80,978.98","$54,032.22","$48,530.33","$29,010.12",,"$10,242.13","$320,339.97","$74,250.14","$40,614.17","$36,691.90","$24,750.05","$12,230.63","$46,416.19","$48,530.33","$1,333,720.55"
56,26,Top Tier,New York,Syracuse,UPSELL,96.80%,63.83%,15.00%,41.6,38%,17%,35%,10%,0%,"$221,774.11","$50,552.49","$34,650.45",,"$9,590.73",,"$50,552.49","$33,730.52","$30,295.87","$18,110.05",,"$6,393.82","$199,977.59","$46,351.89","$25,354.07","$22,905.53","$15,450.63","$7,635.18","$28,976.08","$30,295.87","$832,597.37"
57,80,Mid Tier,Michigan,Alpena,UPSELL,98.00%,65.48%,2.00%,155.36,38%,17%,35%,10%,0%,"$292,298.01","$66,628.11","$45,669.25",,"$12,640.57",,"$66,628.11","$44,456.78","$39,929.92","$23,869.03",,"$8,427.05","$263,570.22","$61,091.74","$33,416.64","$30,189.46","$20,363.91","$10,063.15","$38,190.44","$39,929.92","$1,097,362.32"
58,56,Mid Tier,Maine,Bangor,UPSELL,98.57%,50.02%,4.00%,68.7,38%,17%,35%,10%,0%,"$118,495.34","$27,010.52","$18,513.96",,"$5,124.39",,"$27,010.52","$18,022.43","$16,187.28","$9,676.32",,"$3,416.26","$106,849.32","$24,766.12","$13,546.85","$12,238.57","$8,255.37","$4,079.52","$15,482.11","$16,187.28","$444,862.17"
59,48,Mid Tier,Texas,Beaumont - Port Arthur,UPSELL,91.00%,70.19%,43.00%,186.77,38%,17%,35%,10%,0%,"$121,652.92","$27,730.28","$19,007.31",,"$5,260.94",,"$27,730.28","$18,502.68","$16,618.63","$9,934.17",,"$3,507.29","$109,696.56","$25,426.06","$13,907.83","$12,564.70","$8,475.35","$4,188.23","$15,894.66","$16,618.63","$456,716.52"
60,64,Mid Tier,Montana,Billings,UPSELL,95.01%,58.03%,8.00%,123.22,38%,17%,35%,10%,0%,"$117,298.29","$26,737.66","$18,326.93",,"$5,072.62",,"$26,737.66","$17,840.37","$16,023.75","$9,578.57",,"$3,381.75","$105,769.91","$24,515.92","$13,409.99","$12,114.94","$8,171.97","$4,038.31","$15,325.71","$16,023.75","$440,368.11"
61,55,Mid Tier,New York,Binghamton,UPSELL,75.06%,65.71%,13.00%,76.37,38%,17%,35%,10%,0%,"$107,178.20","$24,430.82","$16,745.75",,"$4,634.97",,"$24,430.82","$16,301.16","$14,641.28","$8,752.16",,"$3,089.98","$96,644.45","$22,400.78","$12,253.03","$11,069.70","$7,466.93","$3,689.90","$14,003.46","$14,641.28","$402,374.68"
62,73,Mid Tier,Wyoming,Cheyenne - Scottsbluff,UPSELL,91.53%,44.61%,20.00%,78.77,38%,17%,35%,10%,0%,"$105,015.47","$23,937.84","$16,407.84",,"$4,541.45",,"$23,937.84","$15,972.23","$14,345.84","$8,575.55",,"$3,027.63","$94,694.29","$21,948.76","$12,005.77","$10,846.33","$7,316.25","$3,615.44","$13,720.89","$14,345.84","$394,255.25"
63,66,Mid Tier,New York,Elmira,UPSELL,85.00%,56.10%,7.00%,27.23,38%,17%,35%,10%,0%,"$40,974.59","$9,339.99","$6,401.96",,"$1,771.97",,"$9,339.99","$6,231.99","$5,597.41","$3,345.98",,"$1,181.31","$36,947.50","$8,563.89","$4,684.37","$4,231.98","$2,854.63","$1,410.66","$5,353.57","$5,597.41","$153,829.20"
64,67,Mid Tier,Colorado,Grand Junction - Montrose,UPSELL,96.16%,65.78%,19.00%,9.4,38%,17%,35%,10%,0%,"$98,428.39","$22,436.34","$15,378.66",,"$4,256.58",,"$22,436.34","$14,970.37","$13,446.00","$8,037.65",,"$2,837.72","$88,754.60","$20,572.02","$11,252.71","$10,166.00","$6,857.34","$3,388.67","$12,860.24","$13,446.00","$369,525.64"
65,32,Mid Tier,Wisconsin,Green Bay - Appleton,UPSELL,95.60%,55.46%,11.00%,172.98,38%,17%,35%,10%,0%,"$223,713.40","$50,994.54","$34,953.45",,"$9,674.60",,"$50,994.54","$34,025.47","$30,560.79","$18,268.41",,"$6,449.73","$201,726.29","$46,757.21","$25,575.78","$23,105.83","$15,585.74","$7,701.94","$29,229.46","$30,560.79","$839,877.98"
66,79,Mid Tier,Montana,Helena,UPSELL,89.13%,66.18%,5.00%,133.21,38%,17%,35%,10%,0%,"$79,466.00","$18,113.95","$12,415.94",,"$3,436.55",,"$18,113.95","$12,086.30","$10,855.60","$6,489.19",,"$2,291.03","$71,655.89","$16,608.79","$9,084.86","$8,207.50","$5,536.26","$2,735.83","$10,382.70","$10,855.60","$298,335.94"
67,70,Mid Tier,Ohio,Lima,UPSELL,95.13%,62.55%,12.00%,34.42,38%,17%,35%,10%,0%,"$92,553.70","$21,097.23","$14,460.78",,"$4,002.53",,"$21,097.23","$14,076.86","$12,643.47","$7,557.93",,"$2,668.35","$83,457.29","$19,344.18","$10,581.10","$9,559.24","$6,448.06","$3,186.41","$12,092.68","$12,643.47","$347,470.52"
68,68,Mid Tier,Michigan,Marquette,UPSELL,87.50%,55.98%,4.00%,0,38%,17%,35%,10%,0%,"$81,285.45","$18,528.68","$12,700.21",,"$3,515.23",,"$18,528.68","$12,363.03","$11,104.15","$6,637.76",,"$2,343.49","$73,296.51","$16,989.06","$9,292.87","$8,395.42","$5,663.02","$2,798.47","$10,620.42","$11,104.15","$305,166.61"
69,50,Mid Tier,Oregon,Medford - Klamath Falls,UPSELL,98.17%,61.28%,16.00%,201.32,38%,17%,35%,10%,0%,"$170,844.69","$38,943.34","$26,693.13",,"$7,388.26",,"$38,943.34","$25,984.46","$23,338.56","$13,951.16",,"$4,925.51","$154,053.64","$35,707.39","$19,531.62","$17,645.38","$11,902.46","$5,881.79","$22,321.86","$23,338.56","$641,395.15"
70,81,Mid Tier,Nebraska,North Platte,UPSELL,94.50%,30.32%,11.00%,0,38%,17%,35%,10%,0%,"$164,144.98","$37,416.17","$25,646.36",,"$7,098.53",,"$37,416.17","$24,965.47","$22,423.34","$13,404.06",,"$4,732.35","$148,012.40","$34,307.12","$18,765.69","$16,953.41","$11,435.71","$5,651.14","$21,446.50","$22,423.34","$616,242.71"
71,31,Mid Tier,Maine,Portland - Auburn,UPSELL,88.00%,62.15%,6.00%,100,38%,17%,35%,10%,0%,"$71,464.71","$16,290.08","$11,165.80",,"$3,090.53",,"$16,290.08","$10,869.36","$9,762.57","$5,835.80",,"$2,060.35","$64,440.98","$14,936.48","$8,170.12","$7,381.10","$4,978.83","$2,460.37","$9,337.28","$9,762.57","$268,297.02"
72,77,Mid Tier,Maine,Presque Isle,UPSELL,89.00%,63.07%,4.00%,195.14,38%,17%,35%,10%,0%,"$65,950.73","$15,033.19","$10,304.28",,"$2,852.07",,"$15,033.19","$10,030.71","$9,009.32","$5,385.53",,"$1,901.38","$59,468.92","$13,784.03","$7,539.74","$6,811.60","$4,594.68","$2,270.53","$8,616.85","$9,009.32","$247,596.09"
73,44,Mid Tier,Ohio,Toledo,UPSELL,33.00%,29.93%,18.00%,75.86,38%,17%,35%,10%,0%,"$136,511.25","$31,117.17","$21,328.80",,"$5,903.50",,"$31,117.17","$20,762.55","$18,648.38","$11,147.50",,"$3,935.66","$123,094.58","$28,531.53","$15,606.49","$14,099.31","$9,510.51","$4,699.77","$17,835.99","$18,648.38","$512,498.56"
74,37,Mid Tier,Michigan,Traverse City - Cadillac,UPSELL,99.18%,68.92%,5.00%,96.94,38%,17%,35%,10%,0%,"$161,105.03","$36,723.22","$25,171.39",,"$6,967.07",,"$36,723.22","$24,503.11","$22,008.06","$13,155.82",,"$4,644.71","$145,271.22","$33,671.75","$18,418.15","$16,639.44","$11,223.92","$5,546.48","$21,049.31","$22,008.06","$604,829.95"
75,58,Mid Tier,New York,Utica,UPSELL,97.90%,69.18%,17.00%,72.54,38%,17%,35%,10%,0%,"$109,428.22","$24,943.71","$17,097.29",,"$4,732.28",,"$24,943.71","$16,643.38","$14,948.65","$8,935.90",,"$3,154.85","$98,673.34","$22,871.04","$12,510.26","$11,302.09","$7,623.68","$3,767.36","$14,297.44","$14,948.65","$410,821.84"
76,59,Mid Tier,New York,Watertown,UPSELL,99.00%,79.45%,10.00%,93.08,38%,17%,35%,10%,0%,"$106,732.55","$24,329.24","$16,676.12",,"$4,615.70",,"$24,329.24","$16,233.38","$14,580.40","$8,715.77",,"$3,077.13","$96,242.60","$22,307.63","$12,202.08","$11,023.67","$7,435.88","$3,674.56","$13,945.23","$14,580.40","$400,701.60"
77,42,Mid Tier,North Carolina,Wilmington,UPSELL,97.39%,70.48%,22.00%,63.86,38%,17%,35%,10%,0%,"$149,842.17","$34,155.90","$23,411.65",,"$6,480.00",,"$34,155.90","$22,790.10","$20,469.47","$12,236.10",,"$4,320.00","$135,115.30","$31,317.76","$17,130.54","$15,476.17","$10,439.25","$5,158.72","$19,577.75","$20,469.47","$562,546.26"
78,39,Mid Tier,Washington,Yakima - Pasco - Richland - Kennewick,UPSELL,92.68%,61.10%,42.00%,130.9,38%,17%,35%,10%,0%,"$166,274.56","$37,901.59","$25,979.09",,"$7,190.63",,"$37,901.59","$25,289.37","$22,714.25","$13,577.96",,"$4,793.75","$149,932.67","$34,752.21","$19,009.15","$17,173.36","$11,584.07","$5,724.45","$21,724.74","$22,714.25","$624,237.70"
79,49,Mid Tier,Ohio,Youngstown,UPSELL,74.12%,50.55%,15.00%,105.62,38%,17%,35%,10%,0%,"$186,443.53","$42,499.03","$29,130.33",,"$8,062.84",,"$42,499.03","$28,356.95","$25,469.47","$15,224.96",,"$5,375.23","$168,119.39","$38,967.62","$21,314.94","$19,256.48","$12,989.21","$6,418.83","$24,359.94","$25,469.47","$699,957.23"
80,54,Mid Tier,California,Yuma - El Centro,UPSELL,93.59%,80.68%,79.00%,24,38%,17%,35%,10%,0%,"$180,238.48","$41,084.61","$28,160.84",,"$7,794.50",,"$41,084.61","$27,413.20","$24,621.82","$14,718.26",,"$5,196.34","$162,524.19","$37,670.74","$20,605.56","$18,615.60","$12,556.91","$6,205.20","$23,549.21","$24,621.82","$676,661.88"
81,76,Mid Tier,Ohio,Zanesville,UPSELL,97.50%,83.10%,5.00%,96.14,38%,17%,35%,10%,0%,"$87,495.78","$19,944.30","$13,670.52",,"$3,783.80",,"$19,944.30","$13,307.59","$11,952.53","$7,144.90",,"$2,522.53","$78,896.48","$18,287.05","$10,002.86","$9,036.84","$6,095.68","$3,012.28","$11,431.84","$11,952.53","$328,481.81"
82,127,Non-Broadcast,New Mexico,Albuquerque - Santa Fe,FOCUS,2%,2%,48%,109.25,14%,41%,15%,30%,0%,,"$9,756.55","$1,733.50",,"$2,246.78",,"$9,756.55","$5,591.45","$21,230.04","$2,694.37",,"$1,497.86",,"$5,191.38","$3,772.12","$6,005.68","$1,730.46","$2,001.89","$4,310.99","$21,230.04","$98,749.66"
83,153,Non-Broadcast,Louisiana,Alexandria-La,FOCUS,12%,4%,32%,173.72,14%,41%,15%,30%,0%,,"$7,656.50","$1,360.38",,"$1,763.17",,"$7,656.50","$4,387.92","$16,660.38","$2,114.42",,"$1,175.45",,"$4,073.97","$2,960.19","$4,712.99","$1,357.99","$1,571.00","$3,383.07","$16,660.38","$77,494.31"
84,82,Non-Broadcast,Georgia,Atlanta,FOCUS,20%,10%,50%,74.93,14%,41%,15%,30%,0%,,$-,$-,,$-,,$-,"$100,000.00","$75,000.00","$12,500.00",,$-,,"$112,500.00","$17,500.00","$112,500.00","$37,500.00","$37,500.00","$20,000.00","$75,000.00","$600,000.00"
85,136,Non-Broadcast,Georgia,Augusta,FOCUS,6%,2%,44%,143.21,14%,41%,15%,30%,0%,,"$7,394.25","$1,313.78",,"$1,702.78",,"$7,394.25","$4,237.62","$16,089.73","$2,042.00",,"$1,135.19",,"$3,934.43","$2,858.80","$4,551.56","$1,311.48","$1,517.19","$3,267.19","$16,089.73","$74,839.99"
86,123,Non-Broadcast,Louisiana,Baton Rouge,FOCUS,8%,3%,44%,64.21,14%,41%,15%,30%,0%,,"$11,227.63","$1,994.88",,"$2,585.55",,"$11,227.63","$6,434.52","$24,431.09","$3,100.62",,"$1,723.70",,"$5,974.14","$4,340.87","$6,911.21","$1,991.38","$2,303.74","$4,961.00","$24,431.09","$113,639.06"
87,130,Non-Broadcast,West Virginia,Bluefield - Beckley - Oak Hill,FOCUS,1%,7%,8%,24.35,14%,41%,15%,30%,0%,,"$7,072.23","$1,256.57",,"$1,628.62",,"$7,072.23","$4,053.07","$15,389.01","$1,953.07",,"$1,085.75",,"$3,763.08","$2,734.29","$4,353.34","$1,254.36","$1,451.11","$3,124.91","$15,389.01","$71,580.65"
88,88,Non-Broadcast,Massachusetts,Boston,FOCUS,11%,6%,27%,60.06,14%,41%,15%,30%,0%,,"$6,898.07","$1,225.62",,"$1,588.52",,"$6,898.07","$3,953.26","$15,010.05","$1,904.97",,"$1,059.01",,"$3,670.41","$2,666.96","$4,246.13","$1,223.47","$1,415.38","$3,047.95","$15,010.05","$69,817.90"
89,97,Non-Broadcast,Vermont,Burlington - Plattsburgh,FOCUS,40%,19%,7%,133.68,14%,41%,15%,30%,0%,,"$5,263.33",$935.17,,"$1,212.06",,"$5,263.33","$3,016.40","$11,452.90","$1,453.52",,$808.04,,"$2,800.58","$2,034.93","$3,239.86",$933.53,"$1,079.95","$2,325.63","$11,452.90","$53,272.14"
90,104,Non-Broadcast,West Virginia,Charleston - Huntington,FOCUS,37%,13%,5%,46.9,14%,41%,15%,30%,0%,,"$6,863.56","$1,219.49",,"$1,580.57",,"$6,863.56","$3,933.48","$14,934.95","$1,895.44",,"$1,053.71",,"$3,652.05","$2,653.62","$4,224.89","$1,217.35","$1,408.30","$3,032.70","$14,934.95","$69,468.61"
91,98,Non-Broadcast,South Carolina,Charleston-Sc,FOCUS,25%,18%,34%,49.65,14%,41%,15%,30%,0%,,"$16,251.06","$2,887.42",,"$3,742.37",,"$16,251.06","$9,313.43","$35,361.95","$4,487.89",,"$2,494.91",,"$8,647.06","$6,283.05","$10,003.40","$2,882.35","$3,334.47","$7,180.63","$35,361.95","$164,483.02"
92,94,Non-Broadcast,Tennessee,Chattanooga,FOCUS,16%,26%,19%,63.59,14%,41%,15%,30%,0%,,"$14,259.54","$2,533.58",,"$3,283.75",,"$14,259.54","$8,172.10","$31,028.45","$3,937.91",,"$2,189.17",,"$7,587.39","$5,513.08","$8,777.51","$2,529.13","$2,925.84","$6,300.66","$31,028.45","$144,326.10"
93,135,Non-Broadcast,Illinois,Chicago,FOCUS,3%,1%,48%,114.74,14%,41%,15%,30%,0%,,"$7,596.67","$1,349.75",,"$1,749.40",,"$7,596.67","$4,353.63","$16,530.20","$2,097.90",,"$1,166.26",,"$4,042.13","$2,937.06","$4,676.16","$1,347.38","$1,558.72","$3,356.64","$16,530.20","$76,888.76"
94,109,Non-Broadcast,California,Chico - Redding,FOCUS,91%,26%,26%,35.35,14%,41%,15%,30%,0%,,"$33,883.26","$6,020.24",,"$7,802.79",,"$33,883.26","$19,418.39","$73,729.24","$9,357.20",,"$5,201.86",,"$18,029.02","$13,100.08","$20,856.97","$6,009.67","$6,952.32","$14,971.52","$73,729.24","$342,945.09"
95,120,Non-Broadcast,West Virginia,Clarksburg - Weston,FOCUS,40%,19%,4%,45.47,14%,41%,15%,30%,0%,,"$5,263.20",$935.14,,"$1,212.03",,"$5,263.20","$3,016.33","$11,452.62","$1,453.49",,$808.02,,"$2,800.51","$2,034.88","$3,239.78",$933.50,"$1,079.93","$2,325.58","$11,452.62","$53,270.84"
96,125,Non-Broadcast,Colorado,Colorado Springs - Pueblo,FOCUS,1%,4%,31%,60.36,14%,41%,15%,30%,0%,,"$7,956.72","$1,413.72",,"$1,832.31",,"$7,956.72","$4,559.97","$17,313.65","$2,197.33",,"$1,221.54",,"$4,233.71","$3,076.26","$4,897.79","$1,411.24","$1,632.60","$3,515.72","$17,313.65","$80,532.93"
97,115,Non-Broadcast,Missouri,Columbia - Jefferson City,FOCUS,23%,9%,13%,69.05,14%,41%,15%,30%,0%,,"$14,070.59","$2,500.01",,"$3,240.24",,"$14,070.59","$8,063.81","$30,617.29","$3,885.73",,"$2,160.16",,"$7,486.85","$5,440.03","$8,661.20","$2,495.62","$2,887.07","$6,217.17","$30,617.29","$142,413.64"
98,148,Non-Broadcast,Mississippi,Columbus - Tupelo - West Point,FOCUS,12%,4%,34%,22.2,14%,41%,15%,30%,0%,,"$7,632.55","$1,356.12",,"$1,757.66",,"$7,632.55","$4,374.19","$16,608.25","$2,107.80",,"$1,171.77",,"$4,061.22","$2,950.92","$4,698.24","$1,353.74","$1,566.08","$3,372.49","$16,608.25","$77,251.83"
99,100,Non-Broadcast,Colorado,Denver,FOCUS,6%,2%,31%,79.65,14%,41%,15%,30%,0%,,"$7,397.97","$1,314.44",,"$1,703.64",,"$7,397.97","$4,239.75","$16,097.82","$2,043.02",,"$1,135.76",,"$3,936.40","$2,860.23","$4,553.85","$1,312.13","$1,517.95","$3,268.84","$16,097.82","$74,877.59"
100,90,Non-Broadcast,Michigan,Detroit,FOCUS,13%,7%,31%,108.48,14%,41%,15%,30%,0%,,"$34,766.27","$6,177.13",,"$8,006.14",,"$34,766.27","$19,924.44","$75,650.64","$9,601.05",,"$5,337.42",,"$18,498.86","$13,441.47","$21,400.51","$6,166.29","$7,133.50","$15,361.68","$75,650.64","$351,882.32"
101,106,Non-Broadcast,Minnesota,Duluth - Superior,FOCUS,86%,32%,4%,52.01,14%,41%,15%,30%,0%,,"$29,092.88","$5,169.11",,"$6,699.64",,"$29,092.88","$16,673.04","$63,305.48","$8,034.29",,"$4,466.43",,"$15,480.10","$11,248.00","$17,908.23","$5,160.03","$5,969.41","$12,854.86","$63,305.48","$294,459.87"
102,102,Non-Broadcast,Oregon,Eugene,FOCUS,85%,19%,14%,70.03,14%,41%,15%,30%,0%,,"$48,899.09","$8,688.20",,"$11,260.71",,"$48,899.09","$28,023.92","$106,403.37","$13,503.97",,"$7,507.14",,"$26,018.83","$18,905.56","$30,100.02","$8,672.94","$10,033.34","$21,606.36","$106,403.37","$494,925.93"
103,134,Non-Broadcast,California,Eureka,FOCUS,1%,20%,21%,177.57,14%,41%,15%,30%,0%,,"$5,317.62",$944.81,,"$1,224.57",,"$5,317.62","$3,047.51","$11,571.03","$1,468.51",,$816.38,,"$2,829.46","$2,055.92","$3,273.28",$943.15,"$1,091.09","$2,349.62","$11,571.03","$53,821.61"
104,144,Non-Broadcast,North Dakota,Fargo - Valley City,FOCUS,1%,2%,10%,81.85,14%,41%,15%,30%,0%,,"$7,799.62","$1,385.81",,"$1,796.13",,"$7,799.62","$4,469.94","$16,971.81","$2,153.94",,"$1,197.42",,"$4,150.12","$3,015.52","$4,801.09","$1,383.37","$1,600.36","$3,446.31","$16,971.81","$78,942.87"
105,138,Non-Broadcast,Indiana,Fort Wayne,FOCUS,6%,2%,72%,103.59,14%,41%,15%,30%,0%,,"$7,370.42","$1,309.55",,"$1,697.29",,"$7,370.42","$4,223.97","$16,037.88","$2,035.42",,"$1,131.53",,"$3,921.75","$2,849.58","$4,536.89","$1,307.25","$1,512.30","$3,256.67","$16,037.88","$74,598.80"
106,110,Non-Broadcast,California,Fresno - Visalia,FOCUS,2%,4%,16%,124.61,14%,41%,15%,30%,0%,,"$8,854.84","$1,573.29",,"$2,039.13",,"$8,854.84","$5,074.68","$19,267.94","$2,445.35",,"$1,359.42",,"$4,711.59","$3,423.49","$5,450.63","$1,570.53","$1,816.88","$3,912.56","$19,267.94","$89,623.13"
107,151,Non-Broadcast,Florida,Gainesville,FOCUS,17%,6%,33%,132.12,14%,41%,15%,30%,0%,,"$7,637.54","$1,357.01",,"$1,758.81",,"$7,637.54","$4,377.05","$16,619.13","$2,109.18",,"$1,172.54",,"$4,063.88","$2,952.86","$4,701.32","$1,354.63","$1,567.11","$3,374.69","$16,619.13","$77,302.40"
108,87,Non-Broadcast,Michigan,Grand Rapids - Kalamazoo - Battle Creek,FOCUS,35%,23%,18%,94.68,14%,41%,15%,30%,0%,,"$44,966.76","$7,989.52",,"$10,355.15",,"$44,966.76","$25,770.32","$97,846.71","$12,418.02",,"$6,903.44",,"$23,926.47","$17,385.23","$27,679.46","$7,975.49","$9,226.49","$19,868.83","$97,846.71","$455,125.36"
109,103,Non-Broadcast,Connecticut,Hartford - New Haven,FOCUS,2%,6%,33%,46,14%,41%,15%,30%,0%,,"$10,053.84","$1,786.33",,"$2,315.24",,"$10,053.84","$5,761.83","$21,876.94","$2,776.47",,"$1,543.50",,"$5,349.57","$3,887.06","$6,188.68","$1,783.19","$2,062.89","$4,442.35","$21,876.94","$101,758.68"
110,111,Non-Broadcast,Texas,Houston,FOCUS,5%,0%,65%,123.84,14%,41%,15%,30%,0%,,"$24,129.56","$4,287.24",,"$5,556.67",,"$24,129.56","$13,828.58","$52,505.41","$6,663.62",,"$3,704.44",,"$12,839.15","$9,329.07","$14,853.04","$4,279.72","$4,951.01","$10,661.79","$52,505.41","$244,224.28"
111,92,Non-Broadcast,Alabama,Huntsville - Decatur - Florence,FOCUS,3%,19%,26%,71.7,14%,41%,15%,30%,0%,,"$6,714.35","$1,192.98",,"$1,546.21",,"$6,714.35","$3,847.97","$14,610.27","$1,854.23",,"$1,030.81",,"$3,572.65","$2,595.93","$4,133.04","$1,190.88","$1,377.68","$2,966.77","$14,610.27","$67,958.39"
112,133,Non-Broadcast,Idaho,Idaho Falls - Pocatello,FOCUS,18%,6%,15%,29.82,14%,41%,15%,30%,0%,,"$6,944.06","$1,233.79",,"$1,599.11",,"$6,944.06","$3,979.62","$15,110.12","$1,917.67",,"$1,066.07",,"$3,694.88","$2,684.74","$4,274.44","$1,231.63","$1,424.81","$3,068.27","$15,110.12","$70,283.42"
113,86,Non-Broadcast,Indiana,Indianapolis,FOCUS,34%,10%,24%,68.82,14%,41%,15%,30%,0%,,"$62,941.60","$11,183.21",,"$14,494.48",,"$62,941.60","$36,071.64","$136,959.55","$17,381.95",,"$9,662.99",,"$33,490.74","$24,334.73","$38,743.94","$11,163.58","$12,914.65","$27,811.12","$136,959.55","$637,055.31"
114,91,Non-Broadcast,Tennessee,Knoxville,FOCUS,26%,20%,11%,95.93,14%,41%,15%,30%,0%,,"$27,104.91","$4,815.89",,"$6,241.84",,"$27,104.91","$15,533.74","$58,979.70","$7,485.29",,"$4,161.23",,"$14,422.31","$10,479.41","$16,684.53","$4,807.44","$5,561.51","$11,976.46","$58,979.70","$274,338.87"
115,116,Non-Broadcast,Louisiana,Lafayette-La,FOCUS,30%,10%,34%,60.71,14%,41%,15%,30%,0%,,"$6,341.80","$1,126.78",,"$1,460.42",,"$6,341.80","$3,634.46","$13,799.61","$1,751.35",,$973.61,,"$3,374.42","$2,451.89","$3,903.72","$1,124.81","$1,301.24","$2,802.16","$13,799.61","$64,187.68"
116,139,Non-Broadcast,Michigan,Lansing,FOCUS,9%,3%,19%,83.22,14%,41%,15%,30%,0%,,"$7,322.77","$1,301.08",,"$1,686.32",,"$7,322.77","$4,196.65","$15,934.18","$2,022.25",,"$1,124.21",,"$3,896.39","$2,831.16","$4,507.56","$1,298.80","$1,502.52","$3,235.61","$15,934.18","$74,116.43"
117,119,Non-Broadcast,Georgia,Macon,FOCUS,27%,9%,47%,83.85,14%,41%,15%,30%,0%,,"$6,518.72","$1,158.22",,"$1,501.16",,"$6,518.72","$3,735.86","$14,184.60","$1,800.21",,"$1,000.77",,"$3,468.56","$2,520.29","$4,012.62","$1,156.19","$1,337.54","$2,880.34","$14,184.60","$65,978.40"
118,122,Non-Broadcast,Tennessee,Memphis,FOCUS,9%,3%,51%,54.37,14%,41%,15%,30%,0%,,"$7,327.38","$1,301.90",,"$1,687.38",,"$7,327.38","$4,199.30","$15,944.21","$2,023.53",,"$1,124.92",,"$3,898.84","$2,832.94","$4,510.40","$1,299.61","$1,503.47","$3,237.65","$15,944.21","$74,163.11"
119,84,Non-Broadcast,Minnesota,Minneapolis - Saint Paul,FOCUS,9%,10%,21%,76.15,14%,41%,15%,30%,0%,,"$26,478.35","$4,704.57",,"$6,097.56",,"$26,478.35","$15,174.66","$57,616.32","$7,312.26",,"$4,065.04",,"$14,088.93","$10,237.17","$16,298.85","$4,696.31","$5,432.95","$11,699.62","$57,616.32","$267,997.25"
120,126,Non-Broadcast,Alabama,Mobile - Pensacola - Fort Walton Beach,FOCUS,9%,2%,28%,96.41,14%,41%,15%,30%,0%,,"$14,720.10","$2,615.41",,"$3,389.81",,"$14,720.10","$8,436.05","$32,030.62","$4,065.10",,"$2,259.87",,"$7,832.45","$5,691.14","$9,061.01","$2,610.82","$3,020.34","$6,504.16","$32,030.62","$148,987.63"
121,108,Non-Broadcast,California,Monterey - Salinas,FOCUS,4%,15%,61%,141.66,14%,41%,15%,30%,0%,,"$6,992.98","$1,242.48",,"$1,610.37",,"$6,992.98","$4,007.65","$15,216.57","$1,931.18",,"$1,073.58",,"$3,720.91","$2,703.65","$4,304.55","$1,240.30","$1,434.85","$3,089.89","$15,216.57","$70,778.52"
122,85,Non-Broadcast,Tennessee,Nashville,FOCUS,12%,12%,24%,55.07,14%,41%,15%,30%,0%,,"$21,760.54","$3,866.33",,"$5,011.12",,"$21,760.54","$12,470.90","$47,350.47","$6,009.39",,"$3,340.75",,"$11,578.62","$8,413.15","$13,394.79","$3,859.54","$4,464.93","$9,615.03","$47,350.47","$220,246.56"
123,89,Non-Broadcast,Louisiana,New Orleans,FOCUS,51%,17%,43%,137.79,14%,41%,15%,30%,0%,,"$5,545.57",$985.31,,"$1,277.06",,"$5,545.57","$3,178.15","$12,067.03","$1,531.46",,$851.37,,"$2,950.75","$2,144.05","$3,413.59",$983.58,"$1,137.86","$2,450.34","$12,067.03","$56,128.75"
124,93,Non-Broadcast,Virginia,Norfolk - Portsmouth - Newport News,FOCUS,3%,11%,42%,131.13,14%,41%,15%,30%,0%,,"$9,035.48","$1,605.39",,"$2,080.73",,"$9,035.48","$5,178.21","$19,661.01","$2,495.24",,"$1,387.15",,"$4,807.71","$3,493.33","$5,561.83","$1,602.57","$1,853.94","$3,992.38","$19,661.01","$91,451.47"
125,118,Non-Broadcast,Nebraska,Omaha,FOCUS,2%,3%,23%,39.6,14%,41%,15%,30%,0%,,"$8,689.08","$1,543.84",,"$2,000.96",,"$8,689.08","$4,979.69","$18,907.26","$2,399.58",,"$1,333.97",,"$4,623.39","$3,359.41","$5,348.60","$1,541.13","$1,782.87","$3,839.32","$18,907.26","$87,945.45"
126,95,Non-Broadcast,Kentucky,Paducah - Cape Girardeau - Harrisburg - Mt Vernon,FOCUS,61%,21%,12%,58.04,14%,41%,15%,30%,0%,,"$5,009.03",$889.98,,"$1,153.50",,"$5,009.03","$2,870.66","$10,899.53","$1,383.29",,$769.00,,"$2,665.26","$1,936.61","$3,083.32",$888.42,"$1,027.77","$2,213.27","$10,899.53","$50,698.21"
127,129,Non-Broadcast,Florida,Panama City,FOCUS,1%,6%,21%,140.7,14%,41%,15%,30%,0%,,"$7,219.61","$1,282.75",,"$1,662.56",,"$7,219.61","$4,137.54","$15,709.71","$1,993.77",,"$1,108.38",,"$3,841.50","$2,791.27","$4,444.06","$1,280.50","$1,481.35","$3,190.03","$15,709.71","$73,072.35"
128,145,Non-Broadcast,West Virginia,Parkersburg,FOCUS,31%,10%,4%,24.58,14%,41%,15%,30%,0%,,"$11,561.28","$2,054.16",,"$2,662.38",,"$11,561.28","$6,625.73","$25,157.09","$3,192.76",,"$1,774.92",,"$6,151.67","$4,469.87","$7,116.59","$2,050.56","$2,372.20","$5,108.42","$25,157.09","$117,016.00"
129,141,Non-Broadcast,Pennsylvania,Pittsburgh,FOCUS,3%,1%,14%,85.72,14%,41%,15%,30%,0%,,"$7,597.19","$1,349.84",,"$1,749.51",,"$7,597.19","$4,353.92","$16,531.31","$2,098.04",,"$1,166.34",,"$4,042.40","$2,937.25","$4,676.48","$1,347.47","$1,558.83","$3,356.86","$16,531.31","$76,893.94"
130,96,Non-Broadcast,Oregon,Portland-Or,FOCUS,14%,4%,25%,95.26,14%,41%,15%,30%,0%,,"$36,753.47","$6,530.21",,"$8,463.76",,"$36,753.47","$21,063.30","$79,974.76","$10,149.84",,"$5,642.51",,"$19,556.24","$14,209.77","$22,623.74","$6,518.75","$7,541.25","$16,239.74","$79,974.76","$371,995.56"
131,142,Non-Broadcast,Rhode Island,Providence - New Bedford,FOCUS,1%,1%,25%,63.47,14%,41%,15%,30%,0%,,"$8,666.91","$1,539.90",,"$1,995.85",,"$8,666.91","$4,966.98","$18,859.00","$2,393.45",,"$1,330.57",,"$4,611.59","$3,350.83","$5,334.95","$1,537.20","$1,778.32","$3,829.52","$18,859.00","$87,720.97"
132,131,Non-Broadcast,Illinois,Quincy - Hannibal - Keokuk,FOCUS,1%,9%,8%,69.66,14%,41%,15%,30%,0%,,"$6,777.56","$1,204.21",,"$1,560.77",,"$6,777.56","$3,884.20","$14,747.82","$1,871.69",,"$1,040.51",,"$3,606.29","$2,620.37","$4,171.95","$1,202.10","$1,390.65","$2,994.71","$14,747.82","$68,598.21"
133,132,Non-Broadcast,South Dakota,Rapid City,FOCUS,42%,14%,7%,0,14%,41%,15%,30%,0%,,"$5,887.12","$1,046.00",,"$1,355.71",,"$5,887.12","$3,373.89","$12,810.24","$1,625.79",,$903.81,,"$3,132.49","$2,276.10","$3,623.84","$1,044.16","$1,207.95","$2,601.26","$12,810.24","$59,585.72"
134,149,Non-Broadcast,Virginia,Richmond - Petersburg,FOCUS,9%,3%,40%,101.2,14%,41%,15%,30%,0%,,"$7,641.13","$1,357.65",,"$1,759.63",,"$7,641.13","$4,379.11","$16,626.93","$2,110.17",,"$1,173.09",,"$4,065.79","$2,954.24","$4,703.53","$1,355.26","$1,567.84","$3,376.28","$16,626.93","$77,338.71"
135,152,Non-Broadcast,Virginia,Roanoke - Lynchburg,FOCUS,12%,4%,21%,91.9,14%,41%,15%,30%,0%,,"$7,648.43","$1,358.94",,"$1,761.32",,"$7,648.43","$4,383.29","$16,642.82","$2,112.19",,"$1,174.21",,"$4,069.67","$2,957.07","$4,708.02","$1,356.56","$1,569.34","$3,379.50","$16,642.82","$77,412.62"
136,128,Non-Broadcast,Illinois,Rockford,FOCUS,21%,7%,28%,78.75,14%,41%,15%,30%,0%,,"$7,146.84","$1,269.82",,"$1,645.81",,"$7,146.84","$4,095.83","$15,551.37","$1,973.67",,"$1,097.20",,"$3,802.78","$2,763.14","$4,399.26","$1,267.59","$1,466.42","$3,157.87","$15,551.37","$72,335.81"
137,105,Non-Broadcast,California,Sacramento - Stockton - Modesto,FOCUS,2%,3%,51%,63.26,14%,41%,15%,30%,0%,,"$10,355.57","$1,839.94",,"$2,384.73",,"$10,355.57","$5,934.75","$22,533.50","$2,859.79",,"$1,589.82",,"$5,510.12","$4,003.71","$6,374.41","$1,836.71","$2,124.80","$4,575.67","$22,533.50","$104,812.61"
138,147,Non-Broadcast,Maryland,Salisbury,FOCUS,97%,2%,28%,43.52,14%,41%,15%,30%,0%,,"$36,005.90","$6,397.39",,"$8,291.60",,"$36,005.90","$20,634.87","$78,348.06","$9,943.39",,"$5,527.74",,"$19,158.46","$13,920.74","$22,163.57","$6,386.15","$7,387.86","$15,909.42","$78,348.06","$364,429.13"
139,83,Non-Broadcast,California,San Diego,FOCUS,30%,8%,53%,89.79,14%,41%,15%,30%,0%,,"$47,984.74","$8,525.74",,"$11,050.15",,"$47,984.74","$27,499.91","$104,413.77","$13,251.47",,"$7,366.76",,"$25,532.31","$18,552.05","$29,537.19","$8,510.77","$9,845.73","$21,202.34","$104,413.77","$485,671.45"
140,121,Non-Broadcast,California,San Francisco - Oakland - San Jose,FOCUS,1%,4%,60%,203.7,14%,41%,15%,30%,0%,,"$10,688.64","$1,899.12",,"$2,461.43",,"$10,688.64","$6,125.63","$23,258.26","$2,951.78",,"$1,640.95",,"$5,687.34","$4,132.49","$6,579.44","$1,895.78","$2,193.15","$4,722.84","$23,258.26","$108,183.73"
141,99,Non-Broadcast,California,Santa Barbara - Santa Maria - San Luis Obispo,FOCUS,3%,31%,47%,124.57,14%,41%,15%,30%,0%,,"$3,662.29",$650.70,,$843.37,,"$3,662.29","$2,098.85","$7,969.06","$1,011.38",,$562.25,,"$1,948.68","$1,415.93","$2,254.34",$649.56,$751.45,"$1,618.20","$7,969.06","$37,067.40"
142,112,Non-Broadcast,Georgia,Savannah,FOCUS,1%,7%,39%,101.87,14%,41%,15%,30%,0%,,"$7,221.17","$1,283.03",,"$1,662.92",,"$7,221.17","$4,138.43","$15,713.11","$1,994.20",,"$1,108.62",,"$3,842.33","$2,791.88","$4,445.02","$1,280.78","$1,481.67","$3,190.72","$15,713.11","$73,088.15"
143,117,Non-Broadcast,Washington,Seattle - Tacoma,FOCUS,6%,2%,30%,117.98,14%,41%,15%,30%,0%,,"$7,368.25","$1,309.16",,"$1,696.79",,"$7,368.25","$4,222.72","$16,033.14","$2,034.81",,"$1,131.20",,"$3,920.59","$2,848.74","$4,535.55","$1,306.86","$1,511.85","$3,255.70","$16,033.14","$74,576.76"
144,154,Non-Broadcast,Texas,Sherman-Tx - Ada-Ok,FOCUS,1%,6%,17%,243.97,14%,41%,15%,30%,0%,,"$7,905.98","$1,404.70",,"$1,820.63",,"$7,905.98","$4,530.89","$17,203.24","$2,183.31",,"$1,213.75",,"$4,206.71","$3,056.64","$4,866.56","$1,402.24","$1,622.19","$3,493.30","$17,203.24","$80,019.36"
145,140,Non-Broadcast,Louisiana,Shreveport,FOCUS,6%,2%,40%,76.11,14%,41%,15%,30%,0%,,"$7,466.38","$1,326.60",,"$1,719.39",,"$7,466.38","$4,278.96","$16,246.68","$2,061.92",,"$1,146.26",,"$3,972.80","$2,886.68","$4,595.96","$1,324.27","$1,531.99","$3,299.06","$16,246.68","$75,570.02"
146,101,Non-Broadcast,Washington,Spokane,FOCUS,2%,10%,14%,34.4,14%,41%,15%,30%,0%,,"$7,474.57","$1,328.05",,"$1,721.28",,"$7,474.57","$4,283.65","$16,264.50","$2,064.18",,"$1,147.52",,"$3,977.16","$2,889.85","$4,601.00","$1,325.72","$1,533.67","$3,302.68","$16,264.50","$75,652.90"
147,107,Non-Broadcast,Massachusetts,Springfield - Holyoke,FOCUS,2%,7%,31%,106.73,14%,41%,15%,30%,0%,,"$8,517.18","$1,513.30",,"$1,961.38",,"$8,517.18","$4,881.17","$18,533.20","$2,352.10",,"$1,307.58",,"$4,531.93","$3,292.95","$5,242.78","$1,510.64","$1,747.59","$3,763.37","$18,533.20","$86,205.55"
148,124,Non-Broadcast,Missouri,Springfield-Mo,FOCUS,28%,4%,8%,52.05,14%,41%,15%,30%,0%,,"$29,498.61","$5,241.19",,"$6,793.07",,"$29,498.61","$16,905.56","$64,188.33","$8,146.33",,"$4,528.72",,"$15,695.98","$11,404.87","$18,157.98","$5,231.99","$6,052.66","$13,034.13","$64,188.33","$298,566.38"
149,150,Non-Broadcast,Florida,Tallahassee - Thomasville,FOCUS,15%,5%,41%,62.31,14%,41%,15%,30%,0%,,"$7,641.90","$1,357.78",,"$1,759.81",,"$7,641.90","$4,379.55","$16,628.60","$2,110.39",,"$1,173.21",,"$4,066.19","$2,954.54","$4,704.00","$1,355.40","$1,568.00","$3,376.62","$16,628.60","$77,346.49"
150,114,Non-Broadcast,Indiana,Terre Haute,FOCUS,87%,19%,7%,40.73,14%,41%,15%,30%,0%,,"$31,746.23","$5,640.54",,"$7,310.67",,"$31,746.23","$18,193.67","$69,079.11","$8,767.04",,"$4,873.78",,"$16,891.92","$12,273.85","$19,541.51","$5,630.64","$6,513.84","$14,027.26","$69,079.11","$321,315.40"
151,146,Non-Broadcast,Texas,Tyler - Longview - Lufkin - Nacogdoches,FOCUS,4%,3%,36%,60.41,14%,41%,15%,30%,0%,,"$9,004.27","$1,599.84",,"$2,073.54",,"$9,004.27","$5,160.32","$19,593.09","$2,486.62",,"$1,382.36",,"$4,791.10","$3,481.26","$5,542.61","$1,597.03","$1,847.54","$3,978.59","$19,593.09","$91,135.52"
152,143,Non-Broadcast,Ohio,Wheeling - Steubenville,FOCUS,27%,9%,5%,147.68,14%,41%,15%,30%,0%,,"$6,502.96","$1,155.42",,"$1,497.53",,"$6,502.96","$3,726.83","$14,150.31","$1,795.86",,$998.35,,"$3,460.18","$2,514.20","$4,002.92","$1,153.39","$1,334.31","$2,873.37","$14,150.31","$65,818.91"
153,,Non-Broadcast,Kansas,Wichita - Hutchinson,FOCUS,9%,3%,39%,100,14%,41%,15%,30%,0%,,"$7,659.83","$1,360.97",,"$1,763.94",,"$7,659.83","$4,389.83","$16,667.63","$2,115.34",,"$1,175.96",,"$4,075.74","$2,961.48","$4,715.04","$1,358.58","$1,571.68","$3,384.54","$16,667.63","$77,528.02"
154,113,Non-Broadcast,Texas,Wichita Falls - Lawton,FOCUS,91%,10%,52%,51.76,14%,41%,15%,30%,0%,,"$31,657.93","$5,624.85",,"$7,290.33",,"$31,657.93","$18,143.06","$68,886.96","$8,742.65",,"$4,860.22",,"$16,844.94","$12,239.71","$19,487.16","$5,614.98","$6,495.72","$13,988.24","$68,886.96","$320,421.65"
155,137,Non-Broadcast,Pennsylvania,Wilkes Barre - Scranton,FOCUS,3%,1%,30%,77.75,14%,41%,15%,30%,0%,,"$7,487.90","$1,330.42",,"$1,724.35",,"$7,487.90","$4,291.30","$16,293.52","$2,067.86",,"$1,149.57",,"$3,984.26","$2,895.00","$4,609.21","$1,328.09","$1,536.40","$3,308.58","$16,293.52","$75,787.87"